"datetime","date","account_type","category","type","asset_class","name","symbol","shares","price","amount","fee","tax","currency","original_amount","original_currency","fx_rate","description","transaction_id","counterparty_name","counterparty_iban","payment_reference","mcc_code"
"2026-06-01T05:00:00.000000Z","2026-06-01","DEFAULT","CASH","INTEREST_PAYMENT","","","","","","0.90","","","EUR","","","","Interest payment on cash","demo-000002","","","",""
"2026-06-01T08:00:00.000000Z","2026-06-01","DEFAULT","CASH","TRANSFER_INSTANT_INBOUND","","","","","","5000.00","","","EUR","","","","Deposit","demo-000001","","","",""
"2026-06-02T09:03:00.000000Z","2026-06-02","DEFAULT","TRADING","BUY","DERIVATIVE","Short 11.56 ¤","DE000DEMO003","150.0000000","11.5600","-1734.00","-1.00","","EUR","","","","","demo-000003","","","",""
"2026-06-02T09:05:00.000000Z","2026-06-02","DEFAULT","TRADING","SELL","DERIVATIVE","Short 11.56 ¤","DE000DEMO003","-150.0000000","11.9600","1794.00","-1.00","","EUR","","","","","demo-000004","","","",""
"2026-06-02T09:10:00.000000Z","2026-06-02","DEFAULT","TRADING","BUY","DERIVATIVE","Call 4.12 ¤","DE000DEMO005","50.0000000","4.1200","-206.00","-1.00","","EUR","","","","","demo-000005","","","",""
"2026-06-02T09:12:00.000000Z","2026-06-02","DEFAULT","TRADING","SELL","DERIVATIVE","Call 4.12 ¤","DE000DEMO005","-50.0000000","5.3200","266.00","-1.00","","EUR","","","","","demo-000006","","","",""
"2026-06-02T09:17:00.000000Z","2026-06-02","DEFAULT","TRADING","BUY","DERIVATIVE","Put 8.45 ¤","DE000DEMO007","150.0000000","8.4500","-1267.50","-1.00","","EUR","","","","","demo-000007","","","",""
"2026-06-02T09:19:00.000000Z","2026-06-02","DEFAULT","TRADING","SELL","DERIVATIVE","Put 8.45 ¤","DE000DEMO007","-150.0000000","8.8500","1327.50","-1.00","","EUR","","","","","demo-000008","","","",""
"2026-06-03T09:03:00.000000Z","2026-06-03","DEFAULT","TRADING","BUY","DERIVATIVE","Short 4.23 ¤","DE000DEMO009","50.0000000","4.2300","-211.50","-1.00","","EUR","","","","","demo-000009","","","",""
"2026-06-03T09:05:00.000000Z","2026-06-03","DEFAULT","TRADING","SELL","DERIVATIVE","Short 4.23 ¤","DE000DEMO009","-50.0000000","5.5100","275.50","-1.00","","EUR","","","","","demo-000010","","","",""
"2026-06-03T09:10:00.000000Z","2026-06-03","DEFAULT","TRADING","BUY","DERIVATIVE","Short 5.55 ¤","DE000DEMO011","50.0000000","5.5500","-277.50","-1.00","","EUR","","","","","demo-000011","","","",""
"2026-06-03T09:12:00.000000Z","2026-06-03","DEFAULT","TRADING","SELL","DERIVATIVE","Short 5.55 ¤","DE000DEMO011","-50.0000000","6.8300","341.50","-1.00","","EUR","","","","","demo-000012","","","",""
"2026-06-03T09:17:00.000000Z","2026-06-03","DEFAULT","TRADING","BUY","DERIVATIVE","Call 10.53 ¤","DE000DEMO013","50.0000000","10.5300","-526.50","-1.00","","EUR","","","","","demo-000013","","","",""
"2026-06-03T09:19:00.000000Z","2026-06-03","DEFAULT","TRADING","SELL","DERIVATIVE","Call 10.53 ¤","DE000DEMO013","-50.0000000","11.8100","590.50","-1.00","","EUR","","","","","demo-000014","","","",""
"2026-06-03T09:24:00.000000Z","2026-06-03","DEFAULT","TRADING","BUY","DERIVATIVE","Call 8.86 ¤","DE000DEMO015","100.0000000","8.8600","-886.00","-1.00","","EUR","","","","","demo-000015","","","",""
"2026-06-03T09:26:00.000000Z","2026-06-03","DEFAULT","TRADING","SELL","DERIVATIVE","Call 8.86 ¤","DE000DEMO015","-100.0000000","9.5000","950.00","-1.00","","EUR","","","","","demo-000016","","","",""
"2026-06-03T09:31:00.000000Z","2026-06-03","DEFAULT","TRADING","BUY","DERIVATIVE","Put 3.92 ¤","DE000DEMO017","200.0000000","3.9200","-784.00","-1.00","","EUR","","","","","demo-000017","","","",""
"2026-06-03T09:33:00.000000Z","2026-06-03","DEFAULT","TRADING","SELL","DERIVATIVE","Put 3.92 ¤","DE000DEMO017","-200.0000000","4.2400","848.00","-1.00","","EUR","","","","","demo-000018","","","",""
"2026-06-04T09:03:00.000000Z","2026-06-04","DEFAULT","TRADING","BUY","DERIVATIVE","Put 8.23 ¤","DE000DEMO019","50.0000000","8.2300","-411.50","-1.00","","EUR","","","","","demo-000019","","","",""
"2026-06-04T09:05:00.000000Z","2026-06-04","DEFAULT","TRADING","SELL","DERIVATIVE","Put 8.23 ¤","DE000DEMO019","-50.0000000","7.5300","376.50","-1.00","","EUR","","","","","demo-000020","","","",""
"2026-06-04T09:10:00.000000Z","2026-06-04","DEFAULT","TRADING","BUY","DERIVATIVE","Call 7.06 ¤","DE000DEMO021","150.0000000","7.0600","-1059.00","-1.00","","EUR","","","","","demo-000021","","","",""
"2026-06-04T09:12:00.000000Z","2026-06-04","DEFAULT","TRADING","SELL","DERIVATIVE","Call 7.06 ¤","DE000DEMO021","-150.0000000","6.8267","1024.00","-1.00","","EUR","","","","","demo-000022","","","",""
"2026-06-04T09:17:00.000000Z","2026-06-04","DEFAULT","TRADING","BUY","DERIVATIVE","Put 8.26 ¤","DE000DEMO023","150.0000000","8.2600","-1239.00","-1.00","","EUR","","","","","demo-000023","","","",""
"2026-06-04T09:19:00.000000Z","2026-06-04","DEFAULT","TRADING","SELL","DERIVATIVE","Put 8.26 ¤","DE000DEMO023","-150.0000000","8.0267","1204.00","-1.00","","EUR","","","","","demo-000024","","","",""
"2026-06-04T09:24:00.000000Z","2026-06-04","DEFAULT","TRADING","BUY","DERIVATIVE","Put 8.44 ¤","DE000DEMO025","50.0000000","8.4400","-422.00","-1.00","","EUR","","","","","demo-000025","","","",""
"2026-06-04T09:26:00.000000Z","2026-06-04","DEFAULT","TRADING","SELL","DERIVATIVE","Put 8.44 ¤","DE000DEMO025","-50.0000000","7.7400","387.00","-1.00","","EUR","","","","","demo-000026","","","",""
"2026-06-05T09:03:00.000000Z","2026-06-05","DEFAULT","TRADING","BUY","DERIVATIVE","Call 4.33 ¤","DE000DEMO027","150.0000000","4.3300","-649.50","-1.00","","EUR","","","","","demo-000027","","","",""
"2026-06-05T09:05:00.000000Z","2026-06-05","DEFAULT","TRADING","SELL","DERIVATIVE","Call 4.33 ¤","DE000DEMO027","-150.0000000","4.6300","694.50","-1.00","","EUR","","","","","demo-000028","","","",""
"2026-06-05T09:10:00.000000Z","2026-06-05","DEFAULT","TRADING","BUY","DERIVATIVE","Short 8.76 ¤","DE000DEMO029","50.0000000","8.7600","-438.00","-1.00","","EUR","","","","","demo-000029","","","",""
"2026-06-05T09:12:00.000000Z","2026-06-05","DEFAULT","TRADING","SELL","DERIVATIVE","Short 8.76 ¤","DE000DEMO029","-50.0000000","9.6600","483.00","-1.00","","EUR","","","","","demo-000030","","","",""
"2026-06-08T09:03:00.000000Z","2026-06-08","DEFAULT","TRADING","BUY","DERIVATIVE","Short 10.11 ¤","DE000DEMO031","200.0000000","10.1100","-2022.00","-1.00","","EUR","","","","","demo-000031","","","",""
"2026-06-08T09:05:00.000000Z","2026-06-08","DEFAULT","TRADING","SELL","DERIVATIVE","Short 10.11 ¤","DE000DEMO031","-200.0000000","10.4850","2097.00","-1.00","","EUR","","","","","demo-000032","","","",""
"2026-06-08T09:10:00.000000Z","2026-06-08","DEFAULT","TRADING","BUY","DERIVATIVE","Put 6.57 ¤","DE000DEMO033","200.0000000","6.5700","-1314.00","-1.00","","EUR","","","","","demo-000033","","","",""
"2026-06-08T09:12:00.000000Z","2026-06-08","DEFAULT","TRADING","SELL","DERIVATIVE","Put 6.57 ¤","DE000DEMO033","-200.0000000","6.9450","1389.00","-1.00","","EUR","","","","","demo-000034","","","",""
"2026-06-08T09:17:00.000000Z","2026-06-08","DEFAULT","TRADING","BUY","DERIVATIVE","Put 9.44 ¤","DE000DEMO035","100.0000000","9.4400","-944.00","-1.00","","EUR","","","","","demo-000035","","","",""
"2026-06-08T09:19:00.000000Z","2026-06-08","DEFAULT","TRADING","SELL","DERIVATIVE","Put 9.44 ¤","DE000DEMO035","-100.0000000","10.1900","1019.00","-1.00","","EUR","","","","","demo-000036","","","",""
"2026-06-08T09:24:00.000000Z","2026-06-08","DEFAULT","TRADING","BUY","DERIVATIVE","Short 8.38 ¤","DE000DEMO037","50.0000000","8.3800","-419.00","-1.00","","EUR","","","","","demo-000037","","","",""
"2026-06-08T09:26:00.000000Z","2026-06-08","DEFAULT","TRADING","SELL","DERIVATIVE","Short 8.38 ¤","DE000DEMO037","-50.0000000","9.8800","494.00","-1.00","","EUR","","","","","demo-000038","","","",""
"2026-06-08T09:31:00.000000Z","2026-06-08","DEFAULT","TRADING","BUY","DERIVATIVE","Long 9.70 ¤","DE000DEMO039","150.0000000","9.7000","-1455.00","-1.00","","EUR","","","","","demo-000039","","","",""
"2026-06-08T09:33:00.000000Z","2026-06-08","DEFAULT","TRADING","SELL","DERIVATIVE","Long 9.70 ¤","DE000DEMO039","-150.0000000","10.2000","1530.00","-1.00","","EUR","","","","","demo-000040","","","",""
"2026-06-08T09:38:00.000000Z","2026-06-08","DEFAULT","TRADING","BUY","DERIVATIVE","Short 4.50 ¤","DE000DEMO041","50.0000000","4.5000","-225.00","-1.00","","EUR","","","","","demo-000041","","","",""
"2026-06-08T09:40:00.000000Z","2026-06-08","DEFAULT","TRADING","SELL","DERIVATIVE","Short 4.50 ¤","DE000DEMO041","-50.0000000","6.0000","300.00","-1.00","","EUR","","","","","demo-000042","","","",""
"2026-06-09T09:03:00.000000Z","2026-06-09","DEFAULT","TRADING","BUY","DERIVATIVE","Put 9.94 ¤","DE000DEMO043","100.0000000","9.9400","-994.00","-1.00","","EUR","","","","","demo-000043","","","",""
"2026-06-09T09:05:00.000000Z","2026-06-09","DEFAULT","TRADING","SELL","DERIVATIVE","Put 9.94 ¤","DE000DEMO043","-100.0000000","9.5686","956.86","-1.00","","EUR","","","","","demo-000044","","","",""
"2026-06-09T09:10:00.000000Z","2026-06-09","DEFAULT","TRADING","BUY","DERIVATIVE","Call 7.08 ¤","DE000DEMO045","200.0000000","7.0800","-1416.00","-1.00","","EUR","","","","","demo-000045","","","",""
"2026-06-09T09:12:00.000000Z","2026-06-09","DEFAULT","TRADING","SELL","DERIVATIVE","Call 7.08 ¤","DE000DEMO045","-200.0000000","6.8943","1378.86","-1.00","","EUR","","","","","demo-000046","","","",""
"2026-06-09T09:17:00.000000Z","2026-06-09","DEFAULT","TRADING","BUY","DERIVATIVE","Long 6.39 ¤","DE000DEMO047","150.0000000","6.3900","-958.50","-1.00","","EUR","","","","","demo-000047","","","",""
"2026-06-09T09:19:00.000000Z","2026-06-09","DEFAULT","TRADING","SELL","DERIVATIVE","Long 6.39 ¤","DE000DEMO047","-150.0000000","6.1424","921.36","-1.00","","EUR","","","","","demo-000048","","","",""
"2026-06-09T09:24:00.000000Z","2026-06-09","DEFAULT","TRADING","BUY","DERIVATIVE","Short 8.43 ¤","DE000DEMO049","200.0000000","8.4300","-1686.00","-1.00","","EUR","","","","","demo-000049","","","",""
"2026-06-09T09:26:00.000000Z","2026-06-09","DEFAULT","TRADING","SELL","DERIVATIVE","Short 8.43 ¤","DE000DEMO049","-200.0000000","8.2443","1648.86","-1.00","","EUR","","","","","demo-000050","","","",""
"2026-06-09T09:31:00.000000Z","2026-06-09","DEFAULT","TRADING","BUY","DERIVATIVE","Long 10.64 ¤","DE000DEMO051","50.0000000","10.6400","-532.00","-1.00","","EUR","","","","","demo-000051","","","",""
"2026-06-09T09:33:00.000000Z","2026-06-09","DEFAULT","TRADING","SELL","DERIVATIVE","Long 10.64 ¤","DE000DEMO051","-50.0000000","9.8971","494.86","-1.00","","EUR","","","","","demo-000052","","","",""
"2026-06-09T09:38:00.000000Z","2026-06-09","DEFAULT","TRADING","BUY","DERIVATIVE","Call 9.42 ¤","DE000DEMO053","200.0000000","9.4200","-1884.00","-1.00","","EUR","","","","","demo-000053","","","",""
"2026-06-09T09:40:00.000000Z","2026-06-09","DEFAULT","TRADING","SELL","DERIVATIVE","Call 9.42 ¤","DE000DEMO053","-200.0000000","9.2343","1846.86","-1.00","","EUR","","","","","demo-000054","","","",""
"2026-06-09T09:45:00.000000Z","2026-06-09","DEFAULT","TRADING","BUY","DERIVATIVE","Long 9.71 ¤","DE000DEMO055","50.0000000","9.7100","-485.50","-1.00","","EUR","","","","","demo-000055","","","",""
"2026-06-09T09:47:00.000000Z","2026-06-09","DEFAULT","TRADING","SELL","DERIVATIVE","Long 9.71 ¤","DE000DEMO055","-50.0000000","8.9671","448.36","-1.00","","EUR","","","","","demo-000056","","","",""
"2026-06-10T09:03:00.000000Z","2026-06-10","DEFAULT","TRADING","BUY","DERIVATIVE","Short 5.92 ¤","DE000DEMO057","200.0000000","5.9200","-1184.00","-1.00","","EUR","","","","","demo-000057","","","",""
"2026-06-10T09:05:00.000000Z","2026-06-10","DEFAULT","TRADING","SELL","DERIVATIVE","Short 5.92 ¤","DE000DEMO057","-200.0000000","6.5300","1306.00","-1.00","-150.00","EUR","","","","","demo-000058","","","",""
"2026-06-10T09:10:00.000000Z","2026-06-10","DEFAULT","TRADING","BUY","DERIVATIVE","Short 3.69 ¤","DE000DEMO059","150.0000000","3.6900","-553.50","-1.00","","EUR","","","","","demo-000059","","","",""
"2026-06-10T09:12:00.000000Z","2026-06-10","DEFAULT","TRADING","SELL","DERIVATIVE","Short 3.69 ¤","DE000DEMO059","-150.0000000","4.5033","675.50","-1.00","","EUR","","","","","demo-000060","","","",""
"2026-06-10T09:17:00.000000Z","2026-06-10","DEFAULT","TRADING","BUY","DERIVATIVE","Call 4.93 ¤","DE000DEMO061","150.0000000","4.9300","-739.50","-1.00","","EUR","","","","","demo-000061","","","",""
"2026-06-10T09:19:00.000000Z","2026-06-10","DEFAULT","TRADING","SELL","DERIVATIVE","Call 4.93 ¤","DE000DEMO061","-150.0000000","5.7433","861.49","-1.00","","EUR","","","","","demo-000062","","","",""
"2026-06-10T09:24:00.000000Z","2026-06-10","DEFAULT","TRADING","BUY","DERIVATIVE","Long 4.00 ¤","DE000DEMO063","200.0000000","4.0000","-800.00","-1.00","","EUR","","","","","demo-000063","","","",""
"2026-06-10T09:26:00.000000Z","2026-06-10","DEFAULT","TRADING","SELL","DERIVATIVE","Long 4.00 ¤","DE000DEMO063","-200.0000000","4.6100","922.00","-1.00","","EUR","","","","","demo-000064","","","",""
"2026-06-10T09:31:00.000000Z","2026-06-10","DEFAULT","TRADING","BUY","DERIVATIVE","Short 9.78 ¤","DE000DEMO065","100.0000000","9.7800","-978.00","-1.00","","EUR","","","","","demo-000065","","","",""
"2026-06-10T09:33:00.000000Z","2026-06-10","DEFAULT","TRADING","SELL","DERIVATIVE","Short 9.78 ¤","DE000DEMO065","-100.0000000","11.0000","1100.00","-1.00","","EUR","","","","","demo-000066","","","",""
"2026-06-11T09:03:00.000000Z","2026-06-11","DEFAULT","TRADING","BUY","DERIVATIVE","Short 11.29 ¤","DE000DEMO067","200.0000000","11.2900","-2258.00","-1.00","","EUR","","","","","demo-000067","","","",""
"2026-06-11T09:05:00.000000Z","2026-06-11","DEFAULT","TRADING","SELL","DERIVATIVE","Short 11.29 ¤","DE000DEMO067","-200.0000000","11.5775","2315.50","-1.00","","EUR","","","","","demo-000068","","","",""
"2026-06-11T09:10:00.000000Z","2026-06-11","DEFAULT","TRADING","BUY","DERIVATIVE","Short 4.91 ¤","DE000DEMO069","50.0000000","4.9100","-245.50","-1.00","","EUR","","","","","demo-000069","","","",""
"2026-06-11T09:12:00.000000Z","2026-06-11","DEFAULT","TRADING","SELL","DERIVATIVE","Short 4.91 ¤","DE000DEMO069","-50.0000000","6.0600","303.00","-1.00","","EUR","","","","","demo-000070","","","",""
"2026-06-11T09:17:00.000000Z","2026-06-11","DEFAULT","TRADING","BUY","DERIVATIVE","Short 11.01 ¤","DE000DEMO071","150.0000000","11.0100","-1651.50","-1.00","","EUR","","","","","demo-000071","","","",""
"2026-06-11T09:19:00.000000Z","2026-06-11","DEFAULT","TRADING","SELL","DERIVATIVE","Short 11.01 ¤","DE000DEMO071","-150.0000000","11.3933","1708.99","-1.00","","EUR","","","","","demo-000072","","","",""
"2026-06-11T09:24:00.000000Z","2026-06-11","DEFAULT","TRADING","BUY","DERIVATIVE","Long 9.50 ¤","DE000DEMO073","150.0000000","9.5000","-1425.00","-1.00","","EUR","","","","","demo-000073","","","",""
"2026-06-11T09:26:00.000000Z","2026-06-11","DEFAULT","TRADING","SELL","DERIVATIVE","Long 9.50 ¤","DE000DEMO073","-150.0000000","9.8833","1482.50","-1.00","","EUR","","","","","demo-000074","","","",""
"2026-06-12T09:03:00.000000Z","2026-06-12","DEFAULT","TRADING","BUY","DERIVATIVE","Put 11.64 ¤","DE000DEMO075","200.0000000","11.6400","-2328.00","-1.00","","EUR","","","","","demo-000075","","","",""
"2026-06-12T09:05:00.000000Z","2026-06-12","DEFAULT","TRADING","SELL","DERIVATIVE","Put 11.64 ¤","DE000DEMO075","-200.0000000","11.5600","2312.00","-1.00","","EUR","","","","","demo-000076","","","",""
"2026-06-12T09:10:00.000000Z","2026-06-12","DEFAULT","TRADING","BUY","DERIVATIVE","Put 5.00 ¤","DE000DEMO077","50.0000000","5.0000","-250.00","-1.00","","EUR","","","","","demo-000077","","","",""
"2026-06-12T09:12:00.000000Z","2026-06-12","DEFAULT","TRADING","SELL","DERIVATIVE","Put 5.00 ¤","DE000DEMO077","-50.0000000","4.6800","234.00","-1.00","","EUR","","","","","demo-000078","","","",""
"2026-06-12T09:17:00.000000Z","2026-06-12","DEFAULT","TRADING","BUY","DERIVATIVE","Put 3.60 ¤","DE000DEMO079","100.0000000","3.6000","-360.00","-1.00","","EUR","","","","","demo-000079","","","",""
"2026-06-12T09:19:00.000000Z","2026-06-12","DEFAULT","TRADING","SELL","DERIVATIVE","Put 3.60 ¤","DE000DEMO079","-100.0000000","3.4400","344.00","-1.00","","EUR","","","","","demo-000080","","","",""
"2026-06-12T09:24:00.000000Z","2026-06-12","DEFAULT","TRADING","BUY","DERIVATIVE","Put 5.90 ¤","DE000DEMO081","150.0000000","5.9000","-885.00","-1.00","","EUR","","","","","demo-000081","","","",""
"2026-06-12T09:26:00.000000Z","2026-06-12","DEFAULT","TRADING","SELL","DERIVATIVE","Put 5.90 ¤","DE000DEMO081","-150.0000000","5.7933","869.00","-1.00","","EUR","","","","","demo-000082","","","",""
"2026-06-12T09:31:00.000000Z","2026-06-12","DEFAULT","TRADING","BUY","DERIVATIVE","Long 8.04 ¤","DE000DEMO083","200.0000000","8.0400","-1608.00","-1.00","","EUR","","","","","demo-000083","","","",""
"2026-06-12T09:33:00.000000Z","2026-06-12","DEFAULT","TRADING","SELL","DERIVATIVE","Long 8.04 ¤","DE000DEMO083","-200.0000000","7.9600","1592.00","-1.00","","EUR","","","","","demo-000084","","","",""
"2026-06-15T08:00:00.000000Z","2026-06-15","DEFAULT","CASH","TRANSFER_INSTANT_INBOUND","","","","","","2000.00","","","EUR","","","","Deposit","demo-000091","","","",""
"2026-06-15T09:03:00.000000Z","2026-06-15","DEFAULT","TRADING","BUY","DERIVATIVE","Call 9.37 ¤","DE000DEMO085","100.0000000","9.3700","-937.00","-1.00","","EUR","","","","","demo-000085","","","",""
"2026-06-15T09:05:00.000000Z","2026-06-15","DEFAULT","TRADING","SELL","DERIVATIVE","Call 9.37 ¤","DE000DEMO085","-100.0000000","9.8367","983.67","-1.00","","EUR","","","","","demo-000086","","","",""
"2026-06-15T09:10:00.000000Z","2026-06-15","DEFAULT","TRADING","BUY","DERIVATIVE","Short 11.15 ¤","DE000DEMO087","200.0000000","11.1500","-2230.00","-1.00","","EUR","","","","","demo-000087","","","",""
"2026-06-15T09:12:00.000000Z","2026-06-15","DEFAULT","TRADING","SELL","DERIVATIVE","Short 11.15 ¤","DE000DEMO087","-200.0000000","11.3833","2276.66","-1.00","","EUR","","","","","demo-000088","","","",""
"2026-06-15T09:17:00.000000Z","2026-06-15","DEFAULT","TRADING","BUY","DERIVATIVE","Call 6.89 ¤","DE000DEMO089","200.0000000","6.8900","-1378.00","-1.00","","EUR","","","","","demo-000089","","","",""
"2026-06-15T09:19:00.000000Z","2026-06-15","DEFAULT","TRADING","SELL","DERIVATIVE","Call 6.89 ¤","DE000DEMO089","-200.0000000","7.1233","1424.66","-1.00","","EUR","","","","","demo-000090","","","",""
"2026-06-16T09:03:00.000000Z","2026-06-16","DEFAULT","TRADING","BUY","DERIVATIVE","Call 8.89 ¤","DE000DEMO092","200.0000000","8.8900","-1778.00","-1.00","","EUR","","","","","demo-000092","","","",""
"2026-06-16T09:05:00.000000Z","2026-06-16","DEFAULT","TRADING","SELL","DERIVATIVE","Call 8.89 ¤","DE000DEMO092","-200.0000000","7.9025","1580.50","-1.00","","EUR","","","","","demo-000093","","","",""
"2026-06-16T09:10:00.000000Z","2026-06-16","DEFAULT","TRADING","BUY","DERIVATIVE","Put 4.07 ¤","DE000DEMO094","100.0000000","4.0700","-407.00","-1.00","","EUR","","","","","demo-000094","","","",""
"2026-06-16T09:12:00.000000Z","2026-06-16","DEFAULT","TRADING","SELL","DERIVATIVE","Put 4.07 ¤","DE000DEMO094","-100.0000000","2.0950","209.50","-1.00","","EUR","","","","","demo-000095","","","",""
"2026-06-16T09:17:00.000000Z","2026-06-16","DEFAULT","TRADING","BUY","DERIVATIVE","Long 4.88 ¤","DE000DEMO096","200.0000000","4.8800","-976.00","-1.00","","EUR","","","","","demo-000096","","","",""
"2026-06-16T09:19:00.000000Z","2026-06-16","DEFAULT","TRADING","SELL","DERIVATIVE","Long 4.88 ¤","DE000DEMO096","-200.0000000","3.8925","778.50","-1.00","","EUR","","","","","demo-000097","","","",""
"2026-06-16T09:24:00.000000Z","2026-06-16","DEFAULT","TRADING","BUY","DERIVATIVE","Put 4.37 ¤","DE000DEMO098","50.0000000","4.3700","-218.50","-1.00","","EUR","","","","","demo-000098","","","",""
"2026-06-16T09:26:00.000000Z","2026-06-16","DEFAULT","TRADING","SELL","DERIVATIVE","Put 4.37 ¤","DE000DEMO098","-50.0000000","0.4200","21.00","-1.00","","EUR","","","","","demo-000099","","","",""
"2026-06-16T09:31:00.000000Z","2026-06-16","DEFAULT","TRADING","BUY","DERIVATIVE","Call 11.57 ¤","DE000DEMO100","50.0000000","11.5700","-578.50","-1.00","","EUR","","","","","demo-000100","","","",""
"2026-06-16T09:33:00.000000Z","2026-06-16","DEFAULT","TRADING","SELL","DERIVATIVE","Call 11.57 ¤","DE000DEMO100","-50.0000000","7.6200","381.00","-1.00","","EUR","","","","","demo-000101","","","",""
"2026-06-16T09:38:00.000000Z","2026-06-16","DEFAULT","TRADING","BUY","DERIVATIVE","Short 10.93 ¤","DE000DEMO102","50.0000000","10.9300","-546.50","-1.00","","EUR","","","","","demo-000102","","","",""
"2026-06-16T09:40:00.000000Z","2026-06-16","DEFAULT","TRADING","SELL","DERIVATIVE","Short 10.93 ¤","DE000DEMO102","-50.0000000","6.9800","349.00","-1.00","","EUR","","","","","demo-000103","","","",""
"2026-06-16T09:45:00.000000Z","2026-06-16","DEFAULT","TRADING","BUY","DERIVATIVE","Long 8.89 ¤","DE000DEMO104","100.0000000","8.8900","-889.00","-1.00","","EUR","","","","","demo-000104","","","",""
"2026-06-16T09:47:00.000000Z","2026-06-16","DEFAULT","TRADING","SELL","DERIVATIVE","Long 8.89 ¤","DE000DEMO104","-100.0000000","6.9150","691.50","-1.00","","EUR","","","","","demo-000105","","","",""
"2026-06-16T09:52:00.000000Z","2026-06-16","DEFAULT","TRADING","BUY","DERIVATIVE","Call 7.53 ¤","DE000DEMO106","150.0000000","7.5300","-1129.50","-1.00","","EUR","","","","","demo-000106","","","",""
"2026-06-16T09:54:00.000000Z","2026-06-16","DEFAULT","TRADING","SELL","DERIVATIVE","Call 7.53 ¤","DE000DEMO106","-150.0000000","6.2133","932.00","-1.00","","EUR","","","","","demo-000107","","","",""
"2026-06-17T09:03:00.000000Z","2026-06-17","DEFAULT","TRADING","BUY","DERIVATIVE","Short 11.94 ¤","DE000DEMO108","200.0000000","11.9400","-2388.00","-1.00","","EUR","","","","","demo-000108","","","",""
"2026-06-17T09:05:00.000000Z","2026-06-17","DEFAULT","TRADING","SELL","DERIVATIVE","Short 11.94 ¤","DE000DEMO108","-200.0000000","11.6733","2334.66","-1.00","","EUR","","","","","demo-000109","","","",""
"2026-06-17T09:10:00.000000Z","2026-06-17","DEFAULT","TRADING","BUY","DERIVATIVE","Call 7.61 ¤","DE000DEMO110","200.0000000","7.6100","-1522.00","-1.00","","EUR","","","","","demo-000110","","","",""
"2026-06-17T09:12:00.000000Z","2026-06-17","DEFAULT","TRADING","SELL","DERIVATIVE","Call 7.61 ¤","DE000DEMO110","-200.0000000","7.3433","1468.66","-1.00","","EUR","","","","","demo-000111","","","",""
"2026-06-17T09:17:00.000000Z","2026-06-17","DEFAULT","TRADING","BUY","DERIVATIVE","Long 4.37 ¤","DE000DEMO112","100.0000000","4.3700","-437.00","-1.00","","EUR","","","","","demo-000112","","","",""
"2026-06-17T09:19:00.000000Z","2026-06-17","DEFAULT","TRADING","SELL","DERIVATIVE","Long 4.37 ¤","DE000DEMO112","-100.0000000","3.8367","383.67","-1.00","","EUR","","","","","demo-000113","","","",""
"2026-06-17T09:24:00.000000Z","2026-06-17","DEFAULT","TRADING","BUY","DERIVATIVE","Put 7.57 ¤","DE000DEMO114","150.0000000","7.5700","-1135.50","-1.00","","EUR","","","","","demo-000114","","","",""
"2026-06-17T09:26:00.000000Z","2026-06-17","DEFAULT","TRADING","SELL","DERIVATIVE","Put 7.57 ¤","DE000DEMO114","-150.0000000","7.2144","1082.16","-1.00","","EUR","","","","","demo-000115","","","",""
"2026-06-17T09:31:00.000000Z","2026-06-17","DEFAULT","TRADING","BUY","DERIVATIVE","Long 5.24 ¤","DE000DEMO116","50.0000000","5.2400","-262.00","-1.00","","EUR","","","","","demo-000116","","","",""
"2026-06-17T09:33:00.000000Z","2026-06-17","DEFAULT","TRADING","SELL","DERIVATIVE","Long 5.24 ¤","DE000DEMO116","-50.0000000","4.1733","208.67","-1.00","","EUR","","","","","demo-000117","","","",""
"2026-06-17T09:38:00.000000Z","2026-06-17","DEFAULT","TRADING","BUY","DERIVATIVE","Call 9.37 ¤","DE000DEMO118","100.0000000","9.3700","-937.00","-1.00","","EUR","","","","","demo-000118","","","",""
"2026-06-17T09:40:00.000000Z","2026-06-17","DEFAULT","TRADING","SELL","DERIVATIVE","Call 9.37 ¤","DE000DEMO118","-100.0000000","8.8367","883.67","-1.00","","EUR","","","","","demo-000119","","","",""
"2026-06-18T09:03:00.000000Z","2026-06-18","DEFAULT","TRADING","BUY","DERIVATIVE","Call 11.82 ¤","DE000DEMO120","150.0000000","11.8200","-1773.00","-1.00","","EUR","","","","","demo-000120","","","",""
"2026-06-18T09:05:00.000000Z","2026-06-18","DEFAULT","TRADING","SELL","DERIVATIVE","Call 11.82 ¤","DE000DEMO120","-150.0000000","12.1667","1825.01","-1.00","","EUR","","","","","demo-000121","","","",""
"2026-06-18T09:10:00.000000Z","2026-06-18","DEFAULT","TRADING","BUY","DERIVATIVE","Put 7.91 ¤","DE000DEMO122","150.0000000","7.9100","-1186.50","-1.00","","EUR","","","","","demo-000122","","","",""
"2026-06-18T09:12:00.000000Z","2026-06-18","DEFAULT","TRADING","SELL","DERIVATIVE","Put 7.91 ¤","DE000DEMO122","-150.0000000","8.2567","1238.51","-1.00","","EUR","","","","","demo-000123","","","",""
"2026-06-18T09:17:00.000000Z","2026-06-18","DEFAULT","TRADING","BUY","DERIVATIVE","Long 10.06 ¤","DE000DEMO124","150.0000000","10.0600","-1509.00","-1.00","","EUR","","","","","demo-000124","","","",""
"2026-06-18T09:19:00.000000Z","2026-06-18","DEFAULT","TRADING","SELL","DERIVATIVE","Long 10.06 ¤","DE000DEMO124","-150.0000000","10.4067","1561.01","-1.00","","EUR","","","","","demo-000125","","","",""
"2026-06-18T09:24:00.000000Z","2026-06-18","DEFAULT","TRADING","BUY","DERIVATIVE","Put 8.71 ¤","DE000DEMO126","100.0000000","8.7100","-871.00","-1.00","","EUR","","","","","demo-000126","","","",""
"2026-06-18T09:26:00.000000Z","2026-06-18","DEFAULT","TRADING","SELL","DERIVATIVE","Put 8.71 ¤","DE000DEMO126","-100.0000000","9.2300","923.00","-1.00","","EUR","","","","","demo-000127","","","",""
"2026-06-18T09:31:00.000000Z","2026-06-18","DEFAULT","TRADING","BUY","DERIVATIVE","Put 10.46 ¤","DE000DEMO128","100.0000000","10.4600","-1046.00","-1.00","","EUR","","","","","demo-000128","","","",""
"2026-06-18T09:33:00.000000Z","2026-06-18","DEFAULT","TRADING","SELL","DERIVATIVE","Put 10.46 ¤","DE000DEMO128","-100.0000000","10.9800","1098.00","-1.00","","EUR","","","","","demo-000129","","","",""
"2026-06-18T18:00:00.000000Z","2026-06-18","DEFAULT","CASH","TAX_OPTIMIZATION","","","","","","0.00","","150.00","EUR","","","","Tax Optimisation","demo-000130","","","",""
"2026-06-19T09:03:00.000000Z","2026-06-19","DEFAULT","TRADING","BUY","DERIVATIVE","Long 7.90 ¤","DE000DEMO131","100.0000000","7.9000","-790.00","-1.00","","EUR","","","","","demo-000131","","","",""
"2026-06-19T09:05:00.000000Z","2026-06-19","DEFAULT","TRADING","SELL","DERIVATIVE","Long 7.90 ¤","DE000DEMO131","-100.0000000","8.5833","858.33","-1.00","","EUR","","","","","demo-000132","","","",""
"2026-06-19T09:10:00.000000Z","2026-06-19","DEFAULT","TRADING","BUY","DERIVATIVE","Long 11.91 ¤","DE000DEMO133","50.0000000","11.9100","-595.50","-1.00","","EUR","","","","","demo-000133","","","",""
"2026-06-19T09:12:00.000000Z","2026-06-19","DEFAULT","TRADING","SELL","DERIVATIVE","Long 11.91 ¤","DE000DEMO133","-50.0000000","13.2767","663.84","-1.00","","EUR","","","","","demo-000134","","","",""
"2026-06-19T09:17:00.000000Z","2026-06-19","DEFAULT","TRADING","BUY","DERIVATIVE","Long 5.70 ¤","DE000DEMO135","200.0000000","5.7000","-1140.00","-1.00","","EUR","","","","","demo-000135","","","",""
"2026-06-19T09:19:00.000000Z","2026-06-19","DEFAULT","TRADING","SELL","DERIVATIVE","Long 5.70 ¤","DE000DEMO135","-200.0000000","6.0417","1208.34","-1.00","","EUR","","","","","demo-000136","","","",""
"2026-06-19T09:24:00.000000Z","2026-06-19","DEFAULT","TRADING","BUY","DERIVATIVE","Long 10.37 ¤","DE000DEMO137","200.0000000","10.3700","-2074.00","-1.00","","EUR","","","","","demo-000137","","","",""
"2026-06-19T09:26:00.000000Z","2026-06-19","DEFAULT","TRADING","SELL","DERIVATIVE","Long 10.37 ¤","DE000DEMO137","-200.0000000","10.7117","2142.34","-1.00","","EUR","","","","","demo-000138","","","",""
"2026-06-19T09:31:00.000000Z","2026-06-19","DEFAULT","TRADING","BUY","DERIVATIVE","Call 4.18 ¤","DE000DEMO139","150.0000000","4.1800","-627.00","-1.00","","EUR","","","","","demo-000139","","","",""
"2026-06-19T09:33:00.000000Z","2026-06-19","DEFAULT","TRADING","SELL","DERIVATIVE","Call 4.18 ¤","DE000DEMO139","-150.0000000","4.6356","695.34","-1.00","","EUR","","","","","demo-000140","","","",""
"2026-06-19T09:38:00.000000Z","2026-06-19","DEFAULT","TRADING","BUY","DERIVATIVE","Long 7.50 ¤","DE000DEMO141","100.0000000","7.5000","-750.00","-1.00","","EUR","","","","","demo-000141","","","",""
"2026-06-19T09:40:00.000000Z","2026-06-19","DEFAULT","TRADING","SELL","DERIVATIVE","Long 7.50 ¤","DE000DEMO141","-100.0000000","8.1833","818.33","-1.00","","EUR","","","","","demo-000142","","","",""
"2026-06-20T10:00:00.000000Z","2026-06-20","DEFAULT","CASH","DIVIDEND","STOCK","Demo REIT Trust","US0000DEMO01","15.0000000","","12.40","","-1.80","EUR","","","","Cash Dividend for ISIN US0000DEMO01","demo-000281","","","",""
"2026-06-22T09:03:00.000000Z","2026-06-22","DEFAULT","TRADING","BUY","DERIVATIVE","Call 7.60 ¤","DE000DEMO143","100.0000000","7.6000","-760.00","-1.00","","EUR","","","","","demo-000143","","","",""
"2026-06-22T09:05:00.000000Z","2026-06-22","DEFAULT","TRADING","SELL","DERIVATIVE","Call 7.60 ¤","DE000DEMO143","-100.0000000","8.0500","805.00","-1.00","","EUR","","","","","demo-000144","","","",""
"2026-06-22T09:10:00.000000Z","2026-06-22","DEFAULT","TRADING","BUY","DERIVATIVE","Long 11.23 ¤","DE000DEMO145","200.0000000","11.2300","-2246.00","-1.00","","EUR","","","","","demo-000145","","","",""
"2026-06-22T09:12:00.000000Z","2026-06-22","DEFAULT","TRADING","SELL","DERIVATIVE","Long 11.23 ¤","DE000DEMO145","-200.0000000","11.4550","2291.00","-1.00","","EUR","","","","","demo-000146","","","",""
"2026-06-22T09:17:00.000000Z","2026-06-22","DEFAULT","TRADING","BUY","DERIVATIVE","Call 10.59 ¤","DE000DEMO147","50.0000000","10.5900","-529.50","-1.00","","EUR","","","","","demo-000147","","","",""
"2026-06-22T09:19:00.000000Z","2026-06-22","DEFAULT","TRADING","SELL","DERIVATIVE","Call 10.59 ¤","DE000DEMO147","-50.0000000","11.4900","574.50","-1.00","","EUR","","","","","demo-000148","","","",""
"2026-06-22T09:24:00.000000Z","2026-06-22","DEFAULT","TRADING","BUY","DERIVATIVE","Put 10.15 ¤","DE000DEMO149","200.0000000","10.1500","-2030.00","-1.00","","EUR","","","","","demo-000149","","","",""
"2026-06-22T09:26:00.000000Z","2026-06-22","DEFAULT","TRADING","SELL","DERIVATIVE","Put 10.15 ¤","DE000DEMO149","-200.0000000","10.3750","2075.00","-1.00","","EUR","","","","","demo-000150","","","",""
"2026-06-23T09:03:00.000000Z","2026-06-23","DEFAULT","TRADING","BUY","DERIVATIVE","Short 11.06 ¤","DE000DEMO151","200.0000000","11.0600","-2212.00","-1.00","","EUR","","","","","demo-000151","","","",""
"2026-06-23T09:05:00.000000Z","2026-06-23","DEFAULT","TRADING","SELL","DERIVATIVE","Short 11.06 ¤","DE000DEMO151","-200.0000000","10.9700","2194.00","-1.00","","EUR","","","","","demo-000152","","","",""
"2026-06-23T09:10:00.000000Z","2026-06-23","DEFAULT","TRADING","BUY","DERIVATIVE","Short 4.24 ¤","DE000DEMO153","150.0000000","4.2400","-636.00","-1.00","","EUR","","","","","demo-000153","","","",""
"2026-06-23T09:12:00.000000Z","2026-06-23","DEFAULT","TRADING","SELL","DERIVATIVE","Short 4.24 ¤","DE000DEMO153","-150.0000000","4.1200","618.00","-1.00","","EUR","","","","","demo-000154","","","",""
"2026-06-23T09:17:00.000000Z","2026-06-23","DEFAULT","TRADING","BUY","DERIVATIVE","Call 6.91 ¤","DE000DEMO155","200.0000000","6.9100","-1382.00","-1.00","","EUR","","","","","demo-000155","","","",""
"2026-06-23T09:19:00.000000Z","2026-06-23","DEFAULT","TRADING","SELL","DERIVATIVE","Call 6.91 ¤","DE000DEMO155","-200.0000000","6.8200","1364.00","-1.00","","EUR","","","","","demo-000156","","","",""
"2026-06-23T09:24:00.000000Z","2026-06-23","DEFAULT","TRADING","BUY","DERIVATIVE","Put 4.95 ¤","DE000DEMO157","100.0000000","4.9500","-495.00","-1.00","","EUR","","","","","demo-000157","","","",""
"2026-06-23T09:26:00.000000Z","2026-06-23","DEFAULT","TRADING","SELL","DERIVATIVE","Put 4.95 ¤","DE000DEMO157","-100.0000000","4.7700","477.00","-1.00","","EUR","","","","","demo-000158","","","",""
"2026-06-23T09:31:00.000000Z","2026-06-23","DEFAULT","TRADING","BUY","DERIVATIVE","Short 4.78 ¤","DE000DEMO159","50.0000000","4.7800","-239.00","-1.00","","EUR","","","","","demo-000159","","","",""
"2026-06-23T09:33:00.000000Z","2026-06-23","DEFAULT","TRADING","SELL","DERIVATIVE","Short 4.78 ¤","DE000DEMO159","-50.0000000","4.4200","221.00","-1.00","","EUR","","","","","demo-000160","","","",""
"2026-06-24T09:03:00.000000Z","2026-06-24","DEFAULT","TRADING","BUY","DERIVATIVE","Short 8.70 ¤","DE000DEMO161","100.0000000","8.7000","-870.00","-1.00","","EUR","","","","","demo-000161","","","",""
"2026-06-24T09:05:00.000000Z","2026-06-24","DEFAULT","TRADING","SELL","DERIVATIVE","Short 8.70 ¤","DE000DEMO161","-100.0000000","9.2000","920.00","-1.00","","EUR","","","","","demo-000162","","","",""
"2026-06-24T09:10:00.000000Z","2026-06-24","DEFAULT","TRADING","BUY","DERIVATIVE","Put 4.83 ¤","DE000DEMO163","150.0000000","4.8300","-724.50","-1.00","","EUR","","","","","demo-000163","","","",""
"2026-06-24T09:12:00.000000Z","2026-06-24","DEFAULT","TRADING","SELL","DERIVATIVE","Put 4.83 ¤","DE000DEMO163","-150.0000000","5.1633","774.49","-1.00","","EUR","","","","","demo-000164","","","",""
"2026-06-24T09:17:00.000000Z","2026-06-24","DEFAULT","TRADING","BUY","DERIVATIVE","Call 3.62 ¤","DE000DEMO165","50.0000000","3.6200","-181.00","-1.00","","EUR","","","","","demo-000165","","","",""
"2026-06-24T09:19:00.000000Z","2026-06-24","DEFAULT","TRADING","SELL","DERIVATIVE","Call 3.62 ¤","DE000DEMO165","-50.0000000","4.6200","231.00","-1.00","","EUR","","","","","demo-000166","","","",""
"2026-06-24T09:24:00.000000Z","2026-06-24","DEFAULT","TRADING","BUY","DERIVATIVE","Put 7.19 ¤","DE000DEMO167","100.0000000","7.1900","-719.00","-1.00","","EUR","","","","","demo-000167","","","",""
"2026-06-24T09:26:00.000000Z","2026-06-24","DEFAULT","TRADING","SELL","DERIVATIVE","Put 7.19 ¤","DE000DEMO167","-100.0000000","7.6900","769.00","-1.00","","EUR","","","","","demo-000168","","","",""
"2026-06-24T09:31:00.000000Z","2026-06-24","DEFAULT","TRADING","BUY","DERIVATIVE","Put 3.74 ¤","DE000DEMO169","100.0000000","3.7400","-374.00","-1.00","","EUR","","","","","demo-000169","","","",""
"2026-06-24T09:33:00.000000Z","2026-06-24","DEFAULT","TRADING","SELL","DERIVATIVE","Put 3.74 ¤","DE000DEMO169","-100.0000000","4.2400","424.00","-1.00","","EUR","","","","","demo-000170","","","",""
"2026-06-24T09:38:00.000000Z","2026-06-24","DEFAULT","TRADING","BUY","DERIVATIVE","Long 7.76 ¤","DE000DEMO171","150.0000000","7.7600","-1164.00","-1.00","","EUR","","","","","demo-000171","","","",""
"2026-06-24T09:40:00.000000Z","2026-06-24","DEFAULT","TRADING","SELL","DERIVATIVE","Long 7.76 ¤","DE000DEMO171","-150.0000000","8.0933","1213.99","-1.00","","EUR","","","","","demo-000172","","","",""
"2026-06-25T09:03:00.000000Z","2026-06-25","DEFAULT","TRADING","BUY","DERIVATIVE","Put 8.13 ¤","DE000DEMO173","150.0000000","8.1300","-1219.50","-1.00","","EUR","","","","","demo-000173","","","",""
"2026-06-25T09:05:00.000000Z","2026-06-25","DEFAULT","TRADING","SELL","DERIVATIVE","Put 8.13 ¤","DE000DEMO173","-150.0000000","7.9300","1189.50","-1.00","","EUR","","","","","demo-000174","","","",""
"2026-06-25T09:10:00.000000Z","2026-06-25","DEFAULT","TRADING","BUY","DERIVATIVE","Long 11.24 ¤","DE000DEMO175","50.0000000","11.2400","-562.00","-1.00","","EUR","","","","","demo-000175","","","",""
"2026-06-25T09:12:00.000000Z","2026-06-25","DEFAULT","TRADING","SELL","DERIVATIVE","Long 11.24 ¤","DE000DEMO175","-50.0000000","10.6400","532.00","-1.00","","EUR","","","","","demo-000176","","","",""
"2026-06-25T09:17:00.000000Z","2026-06-25","DEFAULT","TRADING","BUY","DERIVATIVE","Short 9.13 ¤","DE000DEMO177","200.0000000","9.1300","-1826.00","-1.00","","EUR","","","","","demo-000177","","","",""
"2026-06-25T09:19:00.000000Z","2026-06-25","DEFAULT","TRADING","SELL","DERIVATIVE","Short 9.13 ¤","DE000DEMO177","-200.0000000","8.9800","1796.00","-1.00","","EUR","","","","","demo-000178","","","",""
"2026-06-25T09:24:00.000000Z","2026-06-25","DEFAULT","TRADING","BUY","DERIVATIVE","Call 8.02 ¤","DE000DEMO179","100.0000000","8.0200","-802.00","-1.00","","EUR","","","","","demo-000179","","","",""
"2026-06-25T09:26:00.000000Z","2026-06-25","DEFAULT","TRADING","SELL","DERIVATIVE","Call 8.02 ¤","DE000DEMO179","-100.0000000","7.7200","772.00","-1.00","","EUR","","","","","demo-000180","","","",""
"2026-06-25T09:31:00.000000Z","2026-06-25","DEFAULT","TRADING","BUY","DERIVATIVE","Call 10.10 ¤","DE000DEMO181","200.0000000","10.1000","-2020.00","-1.00","","EUR","","","","","demo-000181","","","",""
"2026-06-25T09:33:00.000000Z","2026-06-25","DEFAULT","TRADING","SELL","DERIVATIVE","Call 10.10 ¤","DE000DEMO181","-200.0000000","9.9500","1990.00","-1.00","","EUR","","","","","demo-000182","","","",""
"2026-06-25T09:38:00.000000Z","2026-06-25","DEFAULT","TRADING","BUY","DERIVATIVE","Short 4.96 ¤","DE000DEMO183","100.0000000","4.9600","-496.00","-1.00","","EUR","","","","","demo-000183","","","",""
"2026-06-25T09:40:00.000000Z","2026-06-25","DEFAULT","TRADING","SELL","DERIVATIVE","Short 4.96 ¤","DE000DEMO183","-100.0000000","4.6600","466.00","-1.00","","EUR","","","","","demo-000184","","","",""
"2026-06-25T09:45:00.000000Z","2026-06-25","DEFAULT","TRADING","BUY","DERIVATIVE","Long 8.23 ¤","DE000DEMO185","50.0000000","8.2300","-411.50","-1.00","","EUR","","","","","demo-000185","","","",""
"2026-06-25T09:47:00.000000Z","2026-06-25","DEFAULT","TRADING","SELL","DERIVATIVE","Long 8.23 ¤","DE000DEMO185","-50.0000000","7.6300","381.50","-1.00","","EUR","","","","","demo-000186","","","",""
"2026-06-26T09:03:00.000000Z","2026-06-26","DEFAULT","TRADING","BUY","DERIVATIVE","Call 10.17 ¤","DE000DEMO187","200.0000000","10.1700","-2034.00","-1.00","","EUR","","","","","demo-000187","","","",""
"2026-06-26T09:05:00.000000Z","2026-06-26","DEFAULT","TRADING","SELL","DERIVATIVE","Call 10.17 ¤","DE000DEMO187","-200.0000000","10.4200","2084.00","-1.00","","EUR","","","","","demo-000188","","","",""
"2026-06-26T09:10:00.000000Z","2026-06-26","DEFAULT","TRADING","BUY","DERIVATIVE","Long 5.61 ¤","DE000DEMO189","50.0000000","5.6100","-280.50","-1.00","","EUR","","","","","demo-000189","","","",""
"2026-06-26T09:12:00.000000Z","2026-06-26","DEFAULT","TRADING","SELL","DERIVATIVE","Long 5.61 ¤","DE000DEMO189","-50.0000000","6.6100","330.50","-1.00","","EUR","","","","","demo-000190","","","",""
"2026-06-26T09:17:00.000000Z","2026-06-26","DEFAULT","TRADING","BUY","DERIVATIVE","Short 10.06 ¤","DE000DEMO191","50.0000000","10.0600","-503.00","-1.00","","EUR","","","","","demo-000191","","","",""
"2026-06-26T09:19:00.000000Z","2026-06-26","DEFAULT","TRADING","SELL","DERIVATIVE","Short 10.06 ¤","DE000DEMO191","-50.0000000","11.0600","553.00","-1.00","","EUR","","","","","demo-000192","","","",""
"2026-06-29T09:03:00.000000Z","2026-06-29","DEFAULT","TRADING","BUY","DERIVATIVE","Call 9.96 ¤","DE000DEMO193","50.0000000","9.9600","-498.00","-1.00","","EUR","","","","","demo-000193","","","",""
"2026-06-29T09:05:00.000000Z","2026-06-29","DEFAULT","TRADING","SELL","DERIVATIVE","Call 9.96 ¤","DE000DEMO193","-50.0000000","10.7600","538.00","-1.00","","EUR","","","","","demo-000194","","","",""
"2026-06-29T09:10:00.000000Z","2026-06-29","DEFAULT","TRADING","BUY","DERIVATIVE","Put 6.27 ¤","DE000DEMO195","200.0000000","6.2700","-1254.00","-1.00","","EUR","","","","","demo-000195","","","",""
"2026-06-29T09:12:00.000000Z","2026-06-29","DEFAULT","TRADING","SELL","DERIVATIVE","Put 6.27 ¤","DE000DEMO195","-200.0000000","6.4700","1294.00","-1.00","","EUR","","","","","demo-000196","","","",""
"2026-06-30T09:03:00.000000Z","2026-06-30","DEFAULT","TRADING","BUY","DERIVATIVE","Short 7.34 ¤","DE000DEMO197","150.0000000","7.3400","-1101.00","-1.00","","EUR","","","","","demo-000197","","","",""
"2026-06-30T09:05:00.000000Z","2026-06-30","DEFAULT","TRADING","SELL","DERIVATIVE","Short 7.34 ¤","DE000DEMO197","-150.0000000","7.1533","1072.99","-1.00","","EUR","","","","","demo-000198","","","",""
"2026-06-30T09:10:00.000000Z","2026-06-30","DEFAULT","TRADING","BUY","DERIVATIVE","Long 9.44 ¤","DE000DEMO199","100.0000000","9.4400","-944.00","-1.00","","EUR","","","","","demo-000199","","","",""
"2026-06-30T09:12:00.000000Z","2026-06-30","DEFAULT","TRADING","SELL","DERIVATIVE","Long 9.44 ¤","DE000DEMO199","-100.0000000","9.1600","916.00","-1.00","","EUR","","","","","demo-000200","","","",""
"2026-06-30T09:17:00.000000Z","2026-06-30","DEFAULT","TRADING","BUY","DERIVATIVE","Put 10.64 ¤","DE000DEMO201","100.0000000","10.6400","-1064.00","-1.00","","EUR","","","","","demo-000201","","","",""
"2026-06-30T09:19:00.000000Z","2026-06-30","DEFAULT","TRADING","SELL","DERIVATIVE","Put 10.64 ¤","DE000DEMO201","-100.0000000","10.3600","1036.00","-1.00","","EUR","","","","","demo-000202","","","",""
"2026-06-30T09:24:00.000000Z","2026-06-30","DEFAULT","TRADING","BUY","DERIVATIVE","Short 4.53 ¤","DE000DEMO203","200.0000000","4.5300","-906.00","-1.00","","EUR","","","","","demo-000203","","","",""
"2026-06-30T09:26:00.000000Z","2026-06-30","DEFAULT","TRADING","SELL","DERIVATIVE","Short 4.53 ¤","DE000DEMO203","-200.0000000","4.3900","878.00","-1.00","","EUR","","","","","demo-000204","","","",""
"2026-06-30T09:31:00.000000Z","2026-06-30","DEFAULT","TRADING","BUY","DERIVATIVE","Put 4.12 ¤","DE000DEMO205","150.0000000","4.1200","-618.00","-1.00","","EUR","","","","","demo-000205","","","",""
"2026-06-30T09:33:00.000000Z","2026-06-30","DEFAULT","TRADING","SELL","DERIVATIVE","Put 4.12 ¤","DE000DEMO205","-150.0000000","3.9333","590.00","-1.00","","EUR","","","","","demo-000206","","","",""
"2026-07-01T05:00:00.000000Z","2026-07-01","DEFAULT","CASH","INTEREST_PAYMENT","","","","","","3.20","","","EUR","","","","Interest payment on cash","demo-000215","","","",""
"2026-07-01T09:03:00.000000Z","2026-07-01","DEFAULT","TRADING","BUY","DERIVATIVE","Long 4.12 ¤","DE000DEMO207","200.0000000","4.1200","-824.00","-1.00","","EUR","","","","","demo-000207","","","",""
"2026-07-01T09:05:00.000000Z","2026-07-01","DEFAULT","TRADING","SELL","DERIVATIVE","Long 4.12 ¤","DE000DEMO207","-200.0000000","4.3950","879.00","-1.00","","EUR","","","","","demo-000208","","","",""
"2026-07-01T09:10:00.000000Z","2026-07-01","DEFAULT","TRADING","BUY","DERIVATIVE","Put 11.12 ¤","DE000DEMO209","50.0000000","11.1200","-556.00","-1.00","","EUR","","","","","demo-000209","","","",""
"2026-07-01T09:12:00.000000Z","2026-07-01","DEFAULT","TRADING","SELL","DERIVATIVE","Put 11.12 ¤","DE000DEMO209","-50.0000000","12.2200","611.00","-1.00","","EUR","","","","","demo-000210","","","",""
"2026-07-01T09:17:00.000000Z","2026-07-01","DEFAULT","TRADING","BUY","DERIVATIVE","Put 4.72 ¤","DE000DEMO211","150.0000000","4.7200","-708.00","-1.00","","EUR","","","","","demo-000211","","","",""
"2026-07-01T09:19:00.000000Z","2026-07-01","DEFAULT","TRADING","SELL","DERIVATIVE","Put 4.72 ¤","DE000DEMO211","-150.0000000","5.0867","763.01","-1.00","","EUR","","","","","demo-000212","","","",""
"2026-07-01T09:24:00.000000Z","2026-07-01","DEFAULT","TRADING","BUY","DERIVATIVE","Call 5.37 ¤","DE000DEMO213","200.0000000","5.3700","-1074.00","-1.00","","EUR","","","","","demo-000213","","","",""
"2026-07-01T09:26:00.000000Z","2026-07-01","DEFAULT","TRADING","SELL","DERIVATIVE","Call 5.37 ¤","DE000DEMO213","-200.0000000","5.6450","1129.00","-1.00","","EUR","","","","","demo-000214","","","",""
"2026-07-02T09:03:00.000000Z","2026-07-02","DEFAULT","TRADING","BUY","DERIVATIVE","Put 11.02 ¤","DE000DEMO216","200.0000000","11.0200","-2204.00","-1.00","","EUR","","","","","demo-000216","","","",""
"2026-07-02T09:05:00.000000Z","2026-07-02","DEFAULT","TRADING","SELL","DERIVATIVE","Put 11.02 ¤","DE000DEMO216","-200.0000000","11.2000","2240.00","-1.00","","EUR","","","","","demo-000217","","","",""
"2026-07-02T09:10:00.000000Z","2026-07-02","DEFAULT","TRADING","BUY","DERIVATIVE","Short 4.87 ¤","DE000DEMO218","100.0000000","4.8700","-487.00","-1.00","","EUR","","","","","demo-000218","","","",""
"2026-07-02T09:12:00.000000Z","2026-07-02","DEFAULT","TRADING","SELL","DERIVATIVE","Short 4.87 ¤","DE000DEMO218","-100.0000000","5.2300","523.00","-1.00","","EUR","","","","","demo-000219","","","",""
"2026-07-02T09:17:00.000000Z","2026-07-02","DEFAULT","TRADING","BUY","DERIVATIVE","Put 6.38 ¤","DE000DEMO220","200.0000000","6.3800","-1276.00","-1.00","","EUR","","","","","demo-000220","","","",""
"2026-07-02T09:19:00.000000Z","2026-07-02","DEFAULT","TRADING","SELL","DERIVATIVE","Put 6.38 ¤","DE000DEMO220","-200.0000000","6.5600","1312.00","-1.00","","EUR","","","","","demo-000221","","","",""
"2026-07-02T09:24:00.000000Z","2026-07-02","DEFAULT","TRADING","BUY","DERIVATIVE","Long 6.21 ¤","DE000DEMO222","150.0000000","6.2100","-931.50","-1.00","","EUR","","","","","demo-000222","","","",""
"2026-07-02T09:26:00.000000Z","2026-07-02","DEFAULT","TRADING","SELL","DERIVATIVE","Long 6.21 ¤","DE000DEMO222","-150.0000000","6.4500","967.50","-1.00","","EUR","","","","","demo-000223","","","",""
"2026-07-02T09:31:00.000000Z","2026-07-02","DEFAULT","TRADING","BUY","DERIVATIVE","Short 6.37 ¤","DE000DEMO224","50.0000000","6.3700","-318.50","-1.00","","EUR","","","","","demo-000224","","","",""
"2026-07-02T09:33:00.000000Z","2026-07-02","DEFAULT","TRADING","SELL","DERIVATIVE","Short 6.37 ¤","DE000DEMO224","-50.0000000","7.0900","354.50","-1.00","","EUR","","","","","demo-000225","","","",""
"2026-07-03T09:03:00.000000Z","2026-07-03","DEFAULT","TRADING","BUY","DERIVATIVE","Short 9.48 ¤","DE000DEMO226","200.0000000","9.4800","-1896.00","-1.00","","EUR","","","","","demo-000226","","","",""
"2026-07-03T09:05:00.000000Z","2026-07-03","DEFAULT","TRADING","SELL","DERIVATIVE","Short 9.48 ¤","DE000DEMO226","-200.0000000","9.3800","1876.00","-1.00","","EUR","","","","","demo-000227","","","",""
"2026-07-03T09:10:00.000000Z","2026-07-03","DEFAULT","TRADING","BUY","DERIVATIVE","Long 7.90 ¤","DE000DEMO228","150.0000000","7.9000","-1185.00","-1.00","","EUR","","","","","demo-000228","","","",""
"2026-07-03T09:12:00.000000Z","2026-07-03","DEFAULT","TRADING","SELL","DERIVATIVE","Long 7.90 ¤","DE000DEMO228","-150.0000000","7.7667","1165.01","-1.00","","EUR","","","","","demo-000229","","","",""
"2026-07-03T09:17:00.000000Z","2026-07-03","DEFAULT","TRADING","BUY","DERIVATIVE","Put 4.46 ¤","DE000DEMO230","50.0000000","4.4600","-223.00","-1.00","","EUR","","","","","demo-000230","","","",""
"2026-07-03T09:19:00.000000Z","2026-07-03","DEFAULT","TRADING","SELL","DERIVATIVE","Put 4.46 ¤","DE000DEMO230","-50.0000000","4.0600","203.00","-1.00","","EUR","","","","","demo-000231","","","",""
"2026-07-05T17:00:00.000000Z","2026-07-05","DEFAULT","CASH","TRANSFER_INSTANT_OUTBOUND","","","","","","-1000.00","","","EUR","","","","Withdrawal","demo-000232","","","",""
"2026-07-06T09:03:00.000000Z","2026-07-06","DEFAULT","TRADING","BUY","DERIVATIVE","Long 4.21 ¤","DE000DEMO233","50.0000000","4.2100","-210.50","-1.00","","EUR","","","","","demo-000233","","","",""
"2026-07-06T09:05:00.000000Z","2026-07-06","DEFAULT","TRADING","SELL","DERIVATIVE","Long 4.21 ¤","DE000DEMO233","-50.0000000","6.0100","300.50","-1.00","","EUR","","","","","demo-000234","","","",""
"2026-07-06T09:10:00.000000Z","2026-07-06","DEFAULT","TRADING","BUY","DERIVATIVE","Put 11.20 ¤","DE000DEMO235","50.0000000","11.2000","-560.00","-1.00","","EUR","","","","","demo-000235","","","",""
"2026-07-06T09:12:00.000000Z","2026-07-06","DEFAULT","TRADING","SELL","DERIVATIVE","Put 11.20 ¤","DE000DEMO235","-50.0000000","13.0000","650.00","-1.00","","EUR","","","","","demo-000236","","","",""
"2026-07-06T09:17:00.000000Z","2026-07-06","DEFAULT","TRADING","BUY","DERIVATIVE","Short 9.92 ¤","DE000DEMO237","150.0000000","9.9200","-1488.00","-1.00","","EUR","","","","","demo-000237","","","",""
"2026-07-06T09:19:00.000000Z","2026-07-06","DEFAULT","TRADING","SELL","DERIVATIVE","Short 9.92 ¤","DE000DEMO237","-150.0000000","10.5200","1578.00","-1.00","","EUR","","","","","demo-000238","","","",""
"2026-07-06T09:24:00.000000Z","2026-07-06","DEFAULT","TRADING","BUY","DERIVATIVE","Short 6.95 ¤","DE000DEMO239","150.0000000","6.9500","-1042.50","-1.00","","EUR","","","","","demo-000239","","","",""
"2026-07-06T09:26:00.000000Z","2026-07-06","DEFAULT","TRADING","SELL","DERIVATIVE","Short 6.95 ¤","DE000DEMO239","-150.0000000","7.5500","1132.50","-1.00","","EUR","","","","","demo-000240","","","",""
"2026-07-06T09:31:00.000000Z","2026-07-06","DEFAULT","TRADING","BUY","DERIVATIVE","Call 4.26 ¤","DE000DEMO241","150.0000000","4.2600","-639.00","-1.00","","EUR","","","","","demo-000241","","","",""
"2026-07-06T09:33:00.000000Z","2026-07-06","DEFAULT","TRADING","SELL","DERIVATIVE","Call 4.26 ¤","DE000DEMO241","-150.0000000","4.8600","729.00","-1.00","","EUR","","","","","demo-000242","","","",""
"2026-07-06T09:38:00.000000Z","2026-07-06","DEFAULT","TRADING","BUY","DERIVATIVE","Call 7.12 ¤","DE000DEMO243","100.0000000","7.1200","-712.00","-1.00","","EUR","","","","","demo-000243","","","",""
"2026-07-06T09:40:00.000000Z","2026-07-06","DEFAULT","TRADING","SELL","DERIVATIVE","Call 7.12 ¤","DE000DEMO243","-100.0000000","8.0200","802.00","-1.00","","EUR","","","","","demo-000244","","","",""
"2026-07-07T09:03:00.000000Z","2026-07-07","DEFAULT","TRADING","BUY","DERIVATIVE","Call 11.48 ¤","DE000DEMO245","150.0000000","11.4800","-1722.00","-1.00","","EUR","","","","","demo-000245","","","",""
"2026-07-07T09:05:00.000000Z","2026-07-07","DEFAULT","TRADING","SELL","DERIVATIVE","Call 11.48 ¤","DE000DEMO245","-150.0000000","10.2895","1543.42","-1.00","","EUR","","","","","demo-000246","","","",""
"2026-07-07T09:10:00.000000Z","2026-07-07","DEFAULT","TRADING","BUY","DERIVATIVE","Put 4.21 ¤","DE000DEMO247","150.0000000","4.2100","-631.50","-1.00","","EUR","","","","","demo-000247","","","",""
"2026-07-07T09:12:00.000000Z","2026-07-07","DEFAULT","TRADING","SELL","DERIVATIVE","Put 4.21 ¤","DE000DEMO247","-150.0000000","3.0195","452.92","-1.00","","EUR","","","","","demo-000248","","","",""
"2026-07-07T09:17:00.000000Z","2026-07-07","DEFAULT","TRADING","BUY","DERIVATIVE","Call 5.75 ¤","DE000DEMO249","50.0000000","5.7500","-287.50","-1.00","","EUR","","","","","demo-000249","","","",""
"2026-07-07T09:19:00.000000Z","2026-07-07","DEFAULT","TRADING","SELL","DERIVATIVE","Call 5.75 ¤","DE000DEMO249","-50.0000000","2.1786","108.93","-1.00","","EUR","","","","","demo-000250","","","",""
"2026-07-07T09:24:00.000000Z","2026-07-07","DEFAULT","TRADING","BUY","DERIVATIVE","Short 3.60 ¤","DE000DEMO251","200.0000000","3.6000","-720.00","-1.00","","EUR","","","","","demo-000251","","","",""
"2026-07-07T09:26:00.000000Z","2026-07-07","DEFAULT","TRADING","SELL","DERIVATIVE","Short 3.60 ¤","DE000DEMO251","-200.0000000","2.7071","541.42","-1.00","","EUR","","","","","demo-000252","","","",""
"2026-07-07T09:31:00.000000Z","2026-07-07","DEFAULT","TRADING","BUY","DERIVATIVE","Call 8.78 ¤","DE000DEMO253","150.0000000","8.7800","-1317.00","-1.00","","EUR","","","","","demo-000253","","","",""
"2026-07-07T09:33:00.000000Z","2026-07-07","DEFAULT","TRADING","SELL","DERIVATIVE","Call 8.78 ¤","DE000DEMO253","-150.0000000","7.5895","1138.42","-1.00","","EUR","","","","","demo-000254","","","",""
"2026-07-07T09:38:00.000000Z","2026-07-07","DEFAULT","TRADING","BUY","DERIVATIVE","Put 11.47 ¤","DE000DEMO255","100.0000000","11.4700","-1147.00","-1.00","","EUR","","","","","demo-000255","","","",""
"2026-07-07T09:40:00.000000Z","2026-07-07","DEFAULT","TRADING","SELL","DERIVATIVE","Put 11.47 ¤","DE000DEMO255","-100.0000000","9.6843","968.43","-1.00","","EUR","","","","","demo-000256","","","",""
"2026-07-07T09:45:00.000000Z","2026-07-07","DEFAULT","TRADING","BUY","DERIVATIVE","Put 3.93 ¤","DE000DEMO257","150.0000000","3.9300","-589.50","-1.00","","EUR","","","","","demo-000257","","","",""
"2026-07-07T09:47:00.000000Z","2026-07-07","DEFAULT","TRADING","SELL","DERIVATIVE","Put 3.93 ¤","DE000DEMO257","-150.0000000","2.7395","410.93","-1.00","","EUR","","","","","demo-000258","","","",""
"2026-07-08T09:03:00.000000Z","2026-07-08","DEFAULT","TRADING","BUY","DERIVATIVE","Put 8.84 ¤","DE000DEMO259","150.0000000","8.8400","-1326.00","-1.00","","EUR","","","","","demo-000259","","","",""
"2026-07-08T09:05:00.000000Z","2026-07-08","DEFAULT","TRADING","SELL","DERIVATIVE","Put 8.84 ¤","DE000DEMO259","-150.0000000","9.2400","1386.00","-1.00","","EUR","","","","","demo-000260","","","",""
"2026-07-08T09:10:00.000000Z","2026-07-08","DEFAULT","TRADING","BUY","DERIVATIVE","Put 7.29 ¤","DE000DEMO261","150.0000000","7.2900","-1093.50","-1.00","","EUR","","","","","demo-000261","","","",""
"2026-07-08T09:12:00.000000Z","2026-07-08","DEFAULT","TRADING","SELL","DERIVATIVE","Put 7.29 ¤","DE000DEMO261","-150.0000000","7.6900","1153.50","-1.00","","EUR","","","","","demo-000262","","","",""
"2026-07-08T09:17:00.000000Z","2026-07-08","DEFAULT","TRADING","BUY","DERIVATIVE","Call 6.45 ¤","DE000DEMO263","150.0000000","6.4500","-967.50","-1.00","","EUR","","","","","demo-000263","","","",""
"2026-07-08T09:19:00.000000Z","2026-07-08","DEFAULT","TRADING","SELL","DERIVATIVE","Call 6.45 ¤","DE000DEMO263","-150.0000000","6.8500","1027.50","-1.00","","EUR","","","","","demo-000264","","","",""
"2026-07-08T09:24:00.000000Z","2026-07-08","DEFAULT","TRADING","BUY","DERIVATIVE","Call 3.81 ¤","DE000DEMO265","150.0000000","3.8100","-571.50","-1.00","","EUR","","","","","demo-000265","","","",""
"2026-07-08T09:26:00.000000Z","2026-07-08","DEFAULT","TRADING","SELL","DERIVATIVE","Call 3.81 ¤","DE000DEMO265","-150.0000000","4.2100","631.50","-1.00","","EUR","","","","","demo-000266","","","",""
"2026-07-08T09:31:00.000000Z","2026-07-08","DEFAULT","TRADING","BUY","DERIVATIVE","Put 7.87 ¤","DE000DEMO267","100.0000000","7.8700","-787.00","-1.00","","EUR","","","","","demo-000267","","","",""
"2026-07-08T09:33:00.000000Z","2026-07-08","DEFAULT","TRADING","SELL","DERIVATIVE","Put 7.87 ¤","DE000DEMO267","-100.0000000","8.4700","847.00","-1.00","","EUR","","","","","demo-000268","","","",""
"2026-07-09T09:03:00.000000Z","2026-07-09","DEFAULT","TRADING","BUY","DERIVATIVE","Short 4.40 ¤","DE000DEMO269","200.0000000","4.4000","-880.00","-1.00","","EUR","","","","","demo-000269","","","",""
"2026-07-09T09:05:00.000000Z","2026-07-09","DEFAULT","TRADING","SELL","DERIVATIVE","Short 4.40 ¤","DE000DEMO269","-200.0000000","4.7417","948.34","-1.00","","EUR","","","","","demo-000270","","","",""
"2026-07-09T09:10:00.000000Z","2026-07-09","DEFAULT","TRADING","BUY","DERIVATIVE","Short 8.14 ¤","DE000DEMO271","200.0000000","8.1400","-1628.00","-1.00","","EUR","","","","","demo-000271","","","",""
"2026-07-09T09:12:00.000000Z","2026-07-09","DEFAULT","TRADING","SELL","DERIVATIVE","Short 8.14 ¤","DE000DEMO271","-200.0000000","8.4817","1696.34","-1.00","","EUR","","","","","demo-000272","","","",""
"2026-07-09T09:17:00.000000Z","2026-07-09","DEFAULT","TRADING","BUY","DERIVATIVE","Put 9.35 ¤","DE000DEMO273","150.0000000","9.3500","-1402.50","-1.00","","EUR","","","","","demo-000273","","","",""
"2026-07-09T09:19:00.000000Z","2026-07-09","DEFAULT","TRADING","SELL","DERIVATIVE","Put 9.35 ¤","DE000DEMO273","-150.0000000","9.8056","1470.84","-1.00","","EUR","","","","","demo-000274","","","",""
"2026-07-09T09:24:00.000000Z","2026-07-09","DEFAULT","TRADING","BUY","DERIVATIVE","Put 5.19 ¤","DE000DEMO275","150.0000000","5.1900","-778.50","-1.00","","EUR","","","","","demo-000275","","","",""
"2026-07-09T09:26:00.000000Z","2026-07-09","DEFAULT","TRADING","SELL","DERIVATIVE","Put 5.19 ¤","DE000DEMO275","-150.0000000","5.6456","846.84","-1.00","","EUR","","","","","demo-000276","","","",""
"2026-07-09T09:31:00.000000Z","2026-07-09","DEFAULT","TRADING","BUY","DERIVATIVE","Call 11.91 ¤","DE000DEMO277","200.0000000","11.9100","-2382.00","-1.00","","EUR","","","","","demo-000277","","","",""
"2026-07-09T09:33:00.000000Z","2026-07-09","DEFAULT","TRADING","SELL","DERIVATIVE","Call 11.91 ¤","DE000DEMO277","-200.0000000","12.2517","2450.34","-1.00","","EUR","","","","","demo-000278","","","",""
"2026-07-09T09:38:00.000000Z","2026-07-09","DEFAULT","TRADING","BUY","DERIVATIVE","Long 3.62 ¤","DE000DEMO279","100.0000000","3.6200","-362.00","-1.00","","EUR","","","","","demo-000279","","","",""
"2026-07-09T09:40:00.000000Z","2026-07-09","DEFAULT","TRADING","SELL","DERIVATIVE","Long 3.62 ¤","DE000DEMO279","-100.0000000","4.3033","430.33","-1.00","","EUR","","","","","demo-000280","","","",""
